file_path,module,function_name,args,return_type,is_async,is_method,decorators,docstring,start_line,end_line
script/convert_all_vendor.py,script.convert_all_vendor,main,(),None,False,False,,Execute multithreaded batch transpilation across all vendored dependency crates.,27,85
script/extract_data/find_classes.py,script.extract_data.find_classes,get_module_path,(rel_path: str),str,False,False,,Convert relative file path into a Python module dot-notation path.,21,30
script/extract_data/find_classes.py,script.extract_data.find_classes,ClassVisitor.__init__,"(self, rel_path: str, module: str)",,False,True,,,34,37
script/extract_data/find_classes.py,script.extract_data.find_classes,ClassVisitor.visit_ClassDef,"(self, node: ast.ClassDef)",None,False,True,,Extract metadata from class definition node.,39,75
script/extract_data/find_classes.py,script.extract_data.find_classes,process_file,"(abs_path: str, rel_path: str)",list,False,False,,Parse single Python file AST and extract all class definitions.,77,88
script/extract_data/find_classes.py,script.extract_data.find_classes,main,(),None,False,False,,Main extraction routine for Python class definitions metadata.,90,115
script/extract_data/find_consts.py,script.extract_data.find_consts,get_module_path,(rel_path: str),str,False,False,,Convert relative file path into a Python module dot-notation path.,21,30
script/extract_data/find_consts.py,script.extract_data.find_consts,process_file,"(abs_path: str, rel_path: str)",list,False,False,,Parse module-level assignments and constant definitions using AST.,32,77
script/extract_data/find_consts.py,script.extract_data.find_consts,main,(),None,False,False,,Main extraction routine for module-level constants and variables.,79,101
script/extract_data/find_dependencies.py,script.extract_data.find_dependencies,parse_requirements_txt,(filepath: str),list,False,False,,Parse standard requirements.txt file for dependency packages and versions.,16,31
script/extract_data/find_dependencies.py,script.extract_data.find_dependencies,parse_pyproject_toml,(filepath: str),list,False,False,,Parse pyproject.toml file for project dependencies.,33,55
script/extract_data/find_dependencies.py,script.extract_data.find_dependencies,main,(),None,False,False,,Main extraction routine for Python project package dependencies.,57,79
script/extract_data/find_files.py,script.extract_data.find_files,get_module_path,(rel_path: str),str,False,False,,Convert relative file path into a Python module dot-notation path.,20,29
script/extract_data/find_files.py,script.extract_data.find_files,main,(),None,False,False,,Main extraction routine for Python file metadata.,31,65
script/extract_data/find_fix_roadmap.py,script.extract_data.find_fix_roadmap,scan_fix_dir,(),list,False,False,,Scan data/fix/*.txt for roadmap items and task backlogs.,22,41
script/extract_data/find_fix_roadmap.py,script.extract_data.find_fix_roadmap,scan_todo_comments,(),list,False,False,,"Scan Python source files for inline TODO, FIXME, FIX, or HACK comments.",43,68
script/extract_data/find_fix_roadmap.py,script.extract_data.find_fix_roadmap,main,(),None,False,False,,Main extraction routine for roadmap tasks and TODO comments.,70,83
script/extract_data/find_functions.py,script.extract_data.find_functions,get_module_path,(rel_path: str),str,False,False,,Convert relative file path into a Python module dot-notation path.,21,30
script/extract_data/find_functions.py,script.extract_data.find_functions,format_arg,"(arg: ast.arg, default_val = None)",str,False,False,,Format single AST argument node with type annotation and default value.,32,45
script/extract_data/find_functions.py,script.extract_data.find_functions,build_args_sig,(node: ast.FunctionDef),str,False,False,,Format complete AST function arguments signature string.,47,69
script/extract_data/find_functions.py,script.extract_data.find_functions,FunctionVisitor.__init__,"(self, rel_path: str, module: str)",,False,True,,,73,77
script/extract_data/find_functions.py,script.extract_data.find_functions,FunctionVisitor.visit_ClassDef,"(self, node: ast.ClassDef)",None,False,True,,Track current enclosing class hierarchy when visiting class nodes.,79,83
script/extract_data/find_functions.py,script.extract_data.find_functions,FunctionVisitor._visit_func,"(self, node, is_async: bool = False)",None,False,True,,Extract metadata details from FunctionDef or AsyncFunctionDef nodes.,85,131
script/extract_data/find_functions.py,script.extract_data.find_functions,FunctionVisitor.visit_FunctionDef,"(self, node: ast.FunctionDef)",None,False,True,,Visit standard synchronous function definition.,133,135
script/extract_data/find_functions.py,script.extract_data.find_functions,FunctionVisitor.visit_AsyncFunctionDef,"(self, node: ast.AsyncFunctionDef)",None,False,True,,Visit asynchronous function definition.,137,139
script/extract_data/find_functions.py,script.extract_data.find_functions,process_file,"(abs_path: str, rel_path: str)",list,False,False,,Parse single Python file AST and extract all functions and methods.,141,152
script/extract_data/find_functions.py,script.extract_data.find_functions,main,(),None,False,False,,Main extraction routine for Python functions and methods metadata.,154,179
script/extract_data/find_imports.py,script.extract_data.find_imports,get_module_path,(rel_path: str),str,False,False,,Convert relative file path into a Python module dot-notation path.,21,30
script/extract_data/find_imports.py,script.extract_data.find_imports,process_file,"(abs_path: str, rel_path: str)",list,False,False,,Parse single Python file AST to extract all import and import-from statements.,32,67
script/extract_data/find_imports.py,script.extract_data.find_imports,main,(),None,False,False,,Main extraction routine for Python module imports metadata.,69,91
script/incremental_batch_convert.py,script.incremental_batch_convert,check_zig_file_syntax,(file_path: str),"Tuple[bool, str]",False,False,,Check syntax of a generated .zig file using ZigValidator.,19,26
script/incremental_batch_convert.py,script.incremental_batch_convert,get_all_rust_files,(source_dir: str = VENDOR_RUST_DIR),List[str],False,False,,Find all Rust source files under the target source directory.,36,47
script/incremental_batch_convert.py,script.incremental_batch_convert,read_progress_csv,(csv_path: str = CSV_PROGRESS_PATH),"List[Dict[str, str]]",False,False,,Read existing progress entries from tracking CSV file.,50,63
script/incremental_batch_convert.py,script.incremental_batch_convert,init_progress_csv_if_needed,(csv_path: str = CSV_PROGRESS_PATH),None,False,False,,Initialize CSV file with header columns if it does not exist.,66,86
script/incremental_batch_convert.py,script.incremental_batch_convert,write_batch_record,"(batch_num: int, total_files: int, new_added: int, valid_files: int, failed_files: int, error_summary: str, csv_path: str = CSV_PROGRESS_PATH)",None,False,False,,Append a batch conversion run record to tracking CSV file.,89,133
script/incremental_batch_convert.py,script.incremental_batch_convert,write_file_status_records,"(file_records: List[Dict[str, str]], csv_path: str = CSV_FILE_STATUS_PATH)",None,False,False,,Save detailed per-file conversion status entries to CSV file.,136,159
script/incremental_batch_convert.py,script.incremental_batch_convert,run_batch_conversion,(step_size: int = DEFAULT_STEP_SIZE),None,False,False,,Execute next incremental batch conversion and validate results with ast-check.,162,253
script/incremental_batch_convert.py,script.incremental_batch_convert,print_status,(),None,False,False,,Print progress status table from CSV tracking file.,256,278
script/incremental_batch_convert.py,script.incremental_batch_convert,main,(),None,False,False,,Main CLI entry point.,281,297
script/rs2zig_query.py,script.rs2zig_query,print_banner,(title: str),None,False,False,,Print formatted section header banner.,31,35
script/rs2zig_query.py,script.rs2zig_query,cmd_rules,(),None,False,False,,Display raw AGENTS.md rules document.,37,44
script/rs2zig_query.py,script.rs2zig_query,cmd_summary,(),None,False,False,,Display summary count of items across all CSV metadata catalogs.,46,68
script/rs2zig_query.py,script.rs2zig_query,cmd_search,(args_list: list),None,False,False,,Search knowledge graph CSV catalogs matching terms and filters.,70,190
script/rs2zig_query.py,script.rs2zig_query,row_matches,(row_text: str),bool,False,False,,Check if row content matches compiled search patterns.,131,140
script/rs2zig_query.py,script.rs2zig_query,cmd_audit,(),None,False,False,,"Audit project code for rule compliance (file size, docstrings, type hints).",192,237
script/rs2zig_query.py,script.rs2zig_query,cmd_sync,(),None,False,False,,Execute metadata extraction shell script to sync CSVs.,239,249
script/rs2zig_query.py,script.rs2zig_query,main,(),None,False,False,,Main CLI entry point.,251,276
src/main.py,src.main,main,(),None,False,False,,Main application entry point.,17,19
src/rs2zig/backend/build_zig_gen.py,src.rs2zig.backend.build_zig_gen,generate_build_zig,"(executable_name: str = 'app', main_src: str = 'main.zig', dependencies: Optional[List[str]] = None, target_wasm: bool = False)",str,False,False,,Generate content for a build.zig script targeting Zig 0.16.0.,13,70
src/rs2zig/backend/decl_emitter.py,src.rs2zig.backend.decl_emitter,emit_trait_decl,(trait: TraitDecl),str,False,False,,Emit Zig interface definition / comment for a trait.,10,16
src/rs2zig/backend/decl_emitter.py,src.rs2zig.backend.decl_emitter,emit_enum_decl,"(enum_decl: EnumDecl, indent_fn: Callable[[], str], inc_indent: Callable[[], None], dec_indent: Callable[[], None])",str,False,False,,Emit Zig enum or tagged union definition.,19,46
src/rs2zig/backend/fallback_emitter.py,src.rs2zig.backend.fallback_emitter,generate_fallback_headers,"(clean_body: str, all_declared_names: Set[str], imported_modules: Set[str], header_lines: List[str])",None,False,False,,Generate clean fallback declarations for undeclared modules and types in header_lines.,21,63
src/rs2zig/backend/zig_emitter.py,src.rs2zig.backend.zig_emitter,ZigEmitter.__init__,"(self, indent_str: str = '    ')",None,False,True,,Initialize emitter with specified indentation.,27,37
src/rs2zig/backend/zig_emitter.py,src.rs2zig.backend.zig_emitter,ZigEmitter.emit_source_file,"(self, sf: SourceFile, file_path: Optional[str] = None)",str,False,True,,Emit complete Zig source file string from SourceFile node.,39,124
src/rs2zig/backend/zig_emitter.py,src.rs2zig.backend.zig_emitter,ZigEmitter._indent,(self),str,False,True,,Get current indentation string.,127,129
src/rs2zig/backend/zig_emitter.py,src.rs2zig.backend.zig_emitter,ZigEmitter._emit_trait,"(self, trait: TraitDecl)",str,False,True,,Emit Zig interface definition for a trait.,131,133
src/rs2zig/backend/zig_emitter.py,src.rs2zig.backend.zig_emitter,ZigEmitter._emit_enum,"(self, enum_decl: EnumDecl)",str,False,True,,Emit Zig enum or tagged union definition.,135,141
src/rs2zig/backend/zig_emitter.py,src.rs2zig.backend.zig_emitter,ZigEmitter._emit_struct,"(self, struct: StructDecl, methods: List[FnDecl])",str,False,True,,Emit Zig struct definition including any impl methods.,143,199
src/rs2zig/backend/zig_emitter.py,src.rs2zig.backend.zig_emitter,ZigEmitter._emit_function,"(self, fn: FnDecl, parent_struct_name: Optional[str] = None)",str,False,True,,Emit Zig function or method definition.,201,264
src/rs2zig/backend/zig_emitter.py,src.rs2zig.backend.zig_emitter,ZigEmitter._emit_params,"(self, params: List[Param], parent_struct_name: Optional[str] = None)",str,False,True,,Emit comma-separated parameters list string.,266,295
src/rs2zig/backend/zig_emitter.py,src.rs2zig.backend.zig_emitter,ZigEmitter._emit_block_lines,"(self, block: BlockExpr)",List[str],False,True,,Emit list of indented statement strings inside a block.,297,309
src/rs2zig/backend/zig_emitter.py,src.rs2zig.backend.zig_emitter,ZigEmitter._emit_stmt,"(self, stmt: Stmt)",str,False,True,,Emit single statement string without leading indent.,311,427
src/rs2zig/backend/zig_emitter.py,src.rs2zig.backend.zig_emitter,ZigEmitter._emit_expr,"(self, expr: Expr)",str,False,True,,Emit expression string.,429,803
src/rs2zig/cli.py,src.rs2zig.cli,build_arg_parser,(),argparse.ArgumentParser,False,False,,Construct CLI argument parser.,36,69
src/rs2zig/cli.py,src.rs2zig.cli,run_transpile,"(input_path: str, output_path: Optional[str] = None, format_code: bool = True, validate: bool = False, expand: bool = True)",str,False,False,,Run full transpilation pipeline on input Rust file.,72,138
src/rs2zig/cli.py,src.rs2zig.cli,_transpile_worker,"(task_tuple: Tuple[str, str])","Tuple[str, str, bool, int, Optional[str]]",False,False,,Worker task function for parallel project transpilation.,141,151
src/rs2zig/cli.py,src.rs2zig.cli,run_transpile_project,"(project_dir: str, output_dir: str, jobs: int = 4, target_wasm: bool = False)",List[str],False,False,,Transpile a multi-module Rust project directory concurrently using multithreading.,154,229
src/rs2zig/cli.py,src.rs2zig.cli,main,(),None,False,False,,CLI application main entry point.,232,278
src/rs2zig/frontend/ast_builder.py,src.rs2zig.frontend.ast_builder,get_node_type,(node: tree_sitter.Node),str,False,False,,Safely get string node type (handles differences between tree-sitter versions).,55,64
src/rs2zig/frontend/ast_builder.py,src.rs2zig.frontend.ast_builder,ASTBuilder.__init__,"(self, code_bytes: bytes)",None,False,True,,Initialize ASTBuilder with original source code bytes for exact text extraction.,70,76
src/rs2zig/frontend/ast_builder.py,src.rs2zig.frontend.ast_builder,ASTBuilder.get_text,"(self, node: tree_sitter.Node)",str,False,True,,Extract substring text corresponding to a tree-sitter node.,78,89
src/rs2zig/frontend/ast_builder.py,src.rs2zig.frontend.ast_builder,ASTBuilder.build_source_file,"(self, root_node: tree_sitter.Node)",SourceFile,False,True,,Build top-level SourceFile IR from tree-sitter source_file node.,91,120
src/rs2zig/frontend/ast_builder.py,src.rs2zig.frontend.ast_builder,ASTBuilder._build_const,"(self, node: tree_sitter.Node)",ConstDecl,False,True,,Build ConstDecl from const_item or static_item node.,122,134
src/rs2zig/frontend/ast_builder.py,src.rs2zig.frontend.ast_builder,ASTBuilder._build_struct,"(self, node: tree_sitter.Node)",StructDecl,False,True,,Build StructDecl from struct_item node.,136,168
src/rs2zig/frontend/ast_builder.py,src.rs2zig.frontend.ast_builder,ASTBuilder._build_enum,"(self, node: tree_sitter.Node)",EnumDecl,False,True,,Build EnumDecl from enum_item node.,170,183
src/rs2zig/frontend/ast_builder.py,src.rs2zig.frontend.ast_builder,ASTBuilder._build_trait,"(self, node: tree_sitter.Node)",TraitDecl,False,True,,Build TraitDecl from trait_item node.,185,198
src/rs2zig/frontend/ast_builder.py,src.rs2zig.frontend.ast_builder,ASTBuilder._build_enum_variant,"(self, node: tree_sitter.Node)",EnumVariant,False,True,,Build EnumVariant from enum_variant node.,200,226
src/rs2zig/frontend/ast_builder.py,src.rs2zig.frontend.ast_builder,ASTBuilder._build_impl,"(self, node: tree_sitter.Node)",ImplBlock,False,True,,Build ImplBlock from impl_item node.,228,243
src/rs2zig/frontend/ast_builder.py,src.rs2zig.frontend.ast_builder,ASTBuilder._build_function,"(self, node: tree_sitter.Node)",FnDecl,False,True,,Build FnDecl from function_item node.,245,299
src/rs2zig/frontend/ast_builder.py,src.rs2zig.frontend.ast_builder,ASTBuilder._build_type,"(self, node: tree_sitter.Node)",TypeNode,False,True,,Build TypeNode from type syntax node.,301,338
src/rs2zig/frontend/ast_builder.py,src.rs2zig.frontend.ast_builder,ASTBuilder._build_block,"(self, node: tree_sitter.Node)",BlockExpr,False,True,,Build BlockExpr from block node.,340,380
src/rs2zig/frontend/ast_builder.py,src.rs2zig.frontend.ast_builder,ASTBuilder._build_let_stmt,"(self, node: tree_sitter.Node)",LetStmt,False,True,,Build LetStmt from let_declaration node.,382,400
src/rs2zig/frontend/ast_builder.py,src.rs2zig.frontend.ast_builder,ASTBuilder._build_assign_stmt,"(self, node: tree_sitter.Node)",AssignStmt,False,True,,Build AssignStmt from assignment_expression node.,402,412
src/rs2zig/frontend/ast_builder.py,src.rs2zig.frontend.ast_builder,ASTBuilder._build_expr,"(self, node: tree_sitter.Node)",Expr,False,True,,Recursively build Expr node from tree-sitter node.,414,729
src/rs2zig/frontend/ast_builder.py,src.rs2zig.frontend.ast_builder,ASTBuilder._is_expr_node,"(self, node: tree_sitter.Node)",bool,False,True,,Check if node represents an expression rather than statement.,731,742
src/rs2zig/frontend/cargo_parser.py,src.rs2zig.frontend.cargo_parser,parse_cargo_toml,(cargo_path: str),Optional[CargoManifest],False,False,,Parse Cargo.toml file and return CargoManifest dataclass.,32,68
src/rs2zig/frontend/macro_expand.py,src.rs2zig.frontend.macro_expand,expand_macros,"(code_or_file: str, is_file_path: bool = False)",str,False,False,,Expand macros in Rust source code using cargo expand if available.,15,55
src/rs2zig/frontend/macro_expand.py,src.rs2zig.frontend.macro_expand,_read_or_return,"(code_or_file: str, is_file_path: bool)",str,False,False,,Helper to read file content or return code string.,58,67
src/rs2zig/frontend/mod_resolver.py,src.rs2zig.frontend.mod_resolver,ModuleResolver.discover_project_files,"(self, project_dir: str)",List[str],False,True,,Discover all Rust source files in a project directory.,17,31
src/rs2zig/frontend/mod_resolver.py,src.rs2zig.frontend.mod_resolver,ModuleResolver.map_rust_mod_to_zig_import,"(self, mod_name: str)",str,False,True,,Map Rust module name to Zig @import statement string.,33,42
src/rs2zig/frontend/ts_parser.py,src.rs2zig.frontend.ts_parser,get_process_parser,(),'RustParser',False,False,,Return process-global cached RustParser instance to avoid re-creation overhead.,18,23
src/rs2zig/frontend/ts_parser.py,src.rs2zig.frontend.ts_parser,RustParser.__init__,(self),None,False,True,,Initialize tree-sitter Rust parser and language binding.,29,37
src/rs2zig/frontend/ts_parser.py,src.rs2zig.frontend.ts_parser,RustParser.parse_code,"(self, code: str)",tree_sitter.Tree,False,True,,Parse Rust source code string into tree-sitter Tree.,39,52
src/rs2zig/frontend/ts_parser.py,src.rs2zig.frontend.ts_parser,RustParser.parse_file,"(self, file_path: str)",tree_sitter.Tree,False,True,,Parse Rust file into tree-sitter Tree.,54,69
src/rs2zig/ir/nodes.py,src.rs2zig.ir.nodes,TypeNode.__str__,(self),str,False,True,,String representation of type.,41,52
src/rs2zig/lowering/async_plugin.py,src.rs2zig.lowering.async_plugin,AsyncPlugin.crate_name,(self),str,False,True,,Return crate name.,26,28
src/rs2zig/lowering/async_plugin.py,src.rs2zig.lowering.async_plugin,AsyncPlugin.lower_call,"(self, expr: CallExpr)",Optional[Expr],False,True,,Lower thread spawning calls to Zig std.Thread.spawn.,30,50
src/rs2zig/lowering/async_plugin.py,src.rs2zig.lowering.async_plugin,AsyncPlugin.lower_source_file,"(self, sf: SourceFile)",bool,False,True,,Traverse SourceFile AST and lower threading/async calls.,52,71
src/rs2zig/lowering/bevy_plugin.py,src.rs2zig.lowering.bevy_plugin,BevyPlugin.crate_name,(self),str,False,True,,Return crate name.,29,31
src/rs2zig/lowering/bevy_plugin.py,src.rs2zig.lowering.bevy_plugin,BevyPlugin.lower_struct_init,"(self, expr: StructInitExpr)",Optional[StructInitExpr],False,True,,Prefix Bevy component struct initializers with bevy_ecs namespace.,33,45
src/rs2zig/lowering/bevy_plugin.py,src.rs2zig.lowering.bevy_plugin,BevyPlugin.lower_source_file,"(self, sf: SourceFile)",bool,False,True,,Run Bevy ECS lowering pass on SourceFile.,47,88
src/rs2zig/lowering/bevy_plugin.py,src.rs2zig.lowering.bevy_plugin,BevyPlugin._lower_expr,"(self, expr: Expr)",None,False,True,,Recursively lower StructInitExpr nodes inside expressions.,90,98
src/rs2zig/lowering/bevy_plugin.py,src.rs2zig.lowering.bevy_plugin,BevyPlugin._lower_block,"(self, block: BlockExpr)",None,False,True,,Recursively lower statements inside block.,100,125
src/rs2zig/lowering/bevy_plugin.py,src.rs2zig.lowering.bevy_plugin,BevyPlugin._lower_call_chain,"(self, expr: CallExpr)",bool,False,True,,Recursively lower method chain calls (e.g. App::new().add_systems(...).run()).,127,158
src/rs2zig/lowering/cffi_plugin.py,src.rs2zig.lowering.cffi_plugin,CFFIPlugin.crate_name,(self),str,False,True,,Return crate name.,18,20
src/rs2zig/lowering/cffi_plugin.py,src.rs2zig.lowering.cffi_plugin,CFFIPlugin.lower_type,"(self, type_node: TypeNode)",Optional[TypeNode],False,True,,Lower raw pointer types to Zig C-interop types.,22,40
src/rs2zig/lowering/cffi_plugin.py,src.rs2zig.lowering.cffi_plugin,CFFIPlugin.lower_source_file,"(self, sf: SourceFile)",bool,False,True,,Traverse SourceFile AST and lower C-FFI pointer types.,42,62
src/rs2zig/lowering/control_flow.py,src.rs2zig.lowering.control_flow,split_macro_args,(args_str: str),List[str],False,False,,Split macro arguments respecting string literal boundaries.,16,48
src/rs2zig/lowering/control_flow.py,src.rs2zig.lowering.control_flow,lower_println_macro,(macro_expr: MacroCallExpr),"Tuple[str, List[Expr]]",False,False,,Lower Rust println! / print! macro call into Zig std.debug.print format and args.,51,100
src/rs2zig/lowering/enum_lowering.py,src.rs2zig.lowering.enum_lowering,EnumLoweringPass.is_tagged_union,"(self, enum_decl: EnumDecl)",bool,False,True,,Check if enum decl contains any payload fields requiring a Zig tagged union.,25,34
src/rs2zig/lowering/enum_lowering.py,src.rs2zig.lowering.enum_lowering,EnumLoweringPass.lower_match_pattern,"(self, pattern: str)",str,False,True,,Convert Rust match arm pattern string to Zig switch arm pattern string.,36,53
src/rs2zig/lowering/ownership_pass.py,src.rs2zig.lowering.ownership_pass,OwnershipPass.lower_source_file,"(self, sf: SourceFile)",None,False,True,,Run ownership and allocator lowering pass on SourceFile.,27,46
src/rs2zig/lowering/ownership_pass.py,src.rs2zig.lowering.ownership_pass,OwnershipPass._lower_function,"(self, fn: FnDecl)",bool,False,True,,Lower function body heap calls and inject allocator parameters if needed.,48,87
src/rs2zig/lowering/ownership_pass.py,src.rs2zig.lowering.ownership_pass,OwnershipPass._update_callers,"(self, fn: FnDecl, allocator_funcs: set)",None,False,True,,Pass allocator argument to called functions requiring an allocator.,89,104
src/rs2zig/lowering/plugin_api.py,src.rs2zig.lowering.plugin_api,LibraryLoweringPlugin.crate_name,(self),str,False,True,,"Return the target crate or library name (e.g. 'bevy', 'std', 'serde').",20,22
src/rs2zig/lowering/plugin_api.py,src.rs2zig.lowering.plugin_api,LibraryLoweringPlugin.lower_type,"(self, type_node: TypeNode)",Optional[TypeNode],False,True,,Lower a Rust type to target Zig type representation.,24,33
src/rs2zig/lowering/plugin_api.py,src.rs2zig.lowering.plugin_api,LibraryLoweringPlugin.lower_call,"(self, expr: CallExpr)",Optional[Expr],False,True,,Lower a function or method call expression.,35,44
src/rs2zig/lowering/plugin_api.py,src.rs2zig.lowering.plugin_api,LibraryLoweringPlugin.lower_struct_init,"(self, expr: StructInitExpr)",Optional[StructInitExpr],False,True,,Lower a struct initialization expression.,46,55
src/rs2zig/lowering/plugin_api.py,src.rs2zig.lowering.plugin_api,LibraryLoweringPlugin.lower_source_file,"(self, sf: SourceFile)",bool,False,True,,Run full source file transformation pass.,57,66
src/rs2zig/lowering/plugin_registry.py,src.rs2zig.lowering.plugin_registry,PluginRegistry.__init__,(self),None,False,True,,Initialize empty plugin registry.,18,20
src/rs2zig/lowering/plugin_registry.py,src.rs2zig.lowering.plugin_registry,PluginRegistry.register_plugin,"(self, plugin: LibraryLoweringPlugin)",None,False,True,,Register a new library lowering plugin.,22,29
src/rs2zig/lowering/plugin_registry.py,src.rs2zig.lowering.plugin_registry,PluginRegistry.run_lowering_passes,"(self, sf: SourceFile)",List[str],False,True,,Run all registered lowering plugins on SourceFile AST.,31,50
src/rs2zig/lowering/serde_plugin.py,src.rs2zig.lowering.serde_plugin,SerdePlugin.crate_name,(self),str,False,True,,Return crate name.,18,20
src/rs2zig/lowering/serde_plugin.py,src.rs2zig.lowering.serde_plugin,SerdePlugin.lower_source_file,"(self, sf: SourceFile)",bool,False,True,,Traverse SourceFile AST and lower Serde derives.,22,40
src/rs2zig/lowering/stdlib_map.py,src.rs2zig.lowering.stdlib_map,_split_angle_brackets,(s: str),"Optional[Tuple[str, str, str]]",False,False,,"Extract base type, inner generic args, and suffix from angle bracketed type string.",77,93
src/rs2zig/lowering/stdlib_map.py,src.rs2zig.lowering.stdlib_map,_split_top_level_commas,(s: str),List[str],False,False,,Split comma-separated arguments respecting nested bracket depth.,96,115
src/rs2zig/lowering/stdlib_map.py,src.rs2zig.lowering.stdlib_map,map_type,"(rust_type: Union[TypeNode, str], is_return_type: bool = False)",str,False,False,,Map a Rust TypeNode or type string into Zig target type string representation.,118,249
src/rs2zig/lowering/stdlib_plugin.py,src.rs2zig.lowering.stdlib_plugin,StdlibPlugin.crate_name,(self),str,False,True,,Return crate name.,26,28
src/rs2zig/lowering/stdlib_plugin.py,src.rs2zig.lowering.stdlib_plugin,StdlibPlugin.lower_type,"(self, type_node: TypeNode)",Optional[TypeNode],False,True,,Lower std collection and system types to Zig equivalents.,30,60
src/rs2zig/lowering/stdlib_plugin.py,src.rs2zig.lowering.stdlib_plugin,StdlibPlugin.lower_call,"(self, expr: CallExpr)",Optional[Expr],False,True,,Lower std collection constructors and function calls.,62,76
src/rs2zig/lowering/stdlib_plugin.py,src.rs2zig.lowering.stdlib_plugin,StdlibPlugin.lower_source_file,"(self, sf: SourceFile)",bool,False,True,,Traverse SourceFile AST and lower all stdlib types and calls.,78,110
src/rs2zig/lowering/trait_lowering.py,src.rs2zig.lowering.trait_lowering,TraitLoweringPass.lower_source_file,"(self, sf: SourceFile)",None,False,True,,Run trait and generic lowering pass on SourceFile.,25,45
src/rs2zig/lowering/trait_lowering.py,src.rs2zig.lowering.trait_lowering,TraitLoweringPass._lower_function_generics,"(self, fn: FnDecl)",None,False,True,,Convert FnDecl.generic_params into Zig comptime parameters.,47,62
src/rs2zig/lowering/trait_lowering.py,src.rs2zig.lowering.trait_lowering,TraitLoweringPass._update_generic_callers,"(self, fn: FnDecl, generic_funcs: set)",None,False,True,,Update callers of generic functions to supply comptime type parameter.,64,74
src/rs2zig/validate/conversion_reporter.py,src.rs2zig.validate.conversion_reporter,ConversionReport.finalize,(self),None,False,True,,Compute summary statistics.,41,49
src/rs2zig/validate/conversion_reporter.py,src.rs2zig.validate.conversion_reporter,ConversionReporter.__init__,"(self, project_name: str = 'project')",None,False,True,,Initialize reporter instance.,55,57
src/rs2zig/validate/conversion_reporter.py,src.rs2zig.validate.conversion_reporter,ConversionReporter.add_file_result,"(self, input_file: str, output_file: str, success: bool, line_count: int = 0, error_message: Optional[str] = None)",None,False,True,,Record transpilation result for a single file.,59,84
src/rs2zig/validate/conversion_reporter.py,src.rs2zig.validate.conversion_reporter,ConversionReporter.generate_json_report,(self),str,False,True,,Return JSON string representation of report.,86,89
src/rs2zig/validate/conversion_reporter.py,src.rs2zig.validate.conversion_reporter,ConversionReporter.generate_markdown_report,(self),str,False,True,,Return Markdown formatted summary of conversion diagnostics.,91,118
src/rs2zig/validate/conversion_reporter.py,src.rs2zig.validate.conversion_reporter,ConversionReporter.print_cli_summary,(self),None,False,True,,Print concise summary statistics to console output.,120,132
src/rs2zig/validate/conversion_reporter.py,src.rs2zig.validate.conversion_reporter,ConversionReporter.save_reports,"(self, output_dir_or_json: str, md_path: str | None = None)",None,False,True,,Save json and markdown reports into target output directory or explicit paths.,134,166
src/rs2zig/validate/zig_fmt_check.py,src.rs2zig.validate.zig_fmt_check,ZigValidator.__init__,(self),None,False,True,,Check availability of Zig compiler binary on system PATH.,20,24
src/rs2zig/validate/zig_fmt_check.py,src.rs2zig.validate.zig_fmt_check,ZigValidator.format_code,"(self, zig_code: str)",str,False,True,,Format Zig code using `zig fmt --stdin`.,26,53
src/rs2zig/validate/zig_fmt_check.py,src.rs2zig.validate.zig_fmt_check,ZigValidator.check_syntax,"(self, zig_code: str)","Tuple[bool, str]",False,True,,Validate Zig source code by invoking `zig ast-check` or `zig build-obj`.,55,98
tests/test_cargo_parser.py,tests.test_cargo_parser,TestCargoParserAndBuildGen.test_parse_cargo_toml,(self),None,False,True,,Test parsing valid Cargo.toml content.,16,38
tests/test_cargo_parser.py,tests.test_cargo_parser,TestCargoParserAndBuildGen.test_generate_build_zig_wasm,(self),None,False,True,,Test generating build.zig targeting WASM freestanding.,40,50
tests/test_golden.py,tests.test_golden,TestGolden.setUp,(self),None,False,True,,Locate golden tests directory.,16,19
tests/test_golden.py,tests.test_golden,TestGolden.test_golden_cases,(self),None,False,True,,Run transpilation for each golden test case directory.,21,57
tests/test_pattern_fixes.py,tests.test_pattern_fixes,TestPatternFixes.setUp,(self),None,False,True,,Initialize parser and emitter.,16,19
tests/test_pattern_fixes.py,tests.test_pattern_fixes,TestPatternFixes._transpile_code,"(self, code: str)",str,False,True,,Helper to transpile Rust snippet string into Zig.,21,26
tests/test_pattern_fixes.py,tests.test_pattern_fixes,TestPatternFixes.test_chained_generic_method_calls,(self),None,False,True,,Verify long method chains with turbofish generics transform cleanly.,28,38
tests/test_pattern_fixes.py,tests.test_pattern_fixes,TestPatternFixes.test_unused_parameter_discarding,(self),None,False,True,,Verify unused function parameters are auto-discarded with _ = param;.,40,48
tests/test_pattern_fixes.py,tests.test_pattern_fixes,TestPatternFixes.test_comptime_type_param_no_discard,(self),None,False,True,,Verify comptime type parameters are not mistakenly discarded with _ = comptime T;.,50,59
tests/test_pattern_fixes.py,tests.test_pattern_fixes,TestPatternFixes.test_channel_generic_lowering,(self),None,False,True,,Verify channel::<T>() lowers to channel(T)().,61,69
tests/test_pattern_fixes.py,tests.test_pattern_fixes,TestPatternFixes.test_closure_expression_lowering,(self),None,False,True,,Verify closure expression inside argument list lowers cleanly.,71,79
tests/test_pattern_fixes.py,tests.test_pattern_fixes,TestPatternFixes.test_macro_args_discard_when_eprintln_dropped,(self),None,False,True,,Verify parameter used only in dropped macro produces _ = param; in emitted Zig.,81,89
tests/test_pattern_fixes.py,tests.test_pattern_fixes,TestPatternFixes.test_block_attribute_item_ignored,(self),None,False,True,,Verify Rust #[cfg(...)] block attribute inside a function does not emit invalid attribute statement.,91,102
tests/test_pattern_fixes.py,tests.test_pattern_fixes,TestPatternFixes.test_nested_option_type_mapping,(self),None,False,True,,Verify Option<Option<T>> lowers to ?T without invalid double ? prefix.,104,111
tests/test_pattern_fixes.py,tests.test_pattern_fixes,TestPatternFixes.test_reference_in_generic_type_mapping,(self),None,False,True,,Verify Option<&T> lowers to ?*const T and Option<&mut T> lowers to ?*T.,113,120
tests/test_pattern_fixes.py,tests.test_pattern_fixes,TestPatternFixes.test_rust_lifetime_stripping,(self),None,False,True,,"Verify Rust lifetime annotations 'a, 'static are stripped from Zig type generic args.",122,130
tests/test_pattern_fixes.py,tests.test_pattern_fixes,TestPatternFixes.test_const_decl_type_and_semicolon,(self),None,False,True,,Verify const BOM: &str lowers to const BOM: []const u8 with single semicolon.,132,140
tests/test_pattern_fixes.py,tests.test_pattern_fixes,TestPatternFixes.test_alloc_path_type_mapping,(self),None,False,True,,Verify alloc::string::String and alloc::vec::Vec lower to Zig types cleanly.,142,151
tests/test_pattern_fixes.py,tests.test_pattern_fixes,TestPatternFixes.test_await_field_lowering,(self),None,False,True,,Verify Rust expr.await lowers cleanly without invalid .await syntax.,153,162
tests/test_pattern_fixes.py,tests.test_pattern_fixes,TestPatternFixes.test_fn_generic_params_lowering,(self),None,False,True,,Verify Rust function generics fn foo<T: Send>() lower to (comptime T: type) in Zig.,164,171
tests/test_pattern_fixes.py,tests.test_pattern_fixes,TestPatternFixes.test_lifetime_in_struct_field_type,(self),None,False,True,,"Verify struct field generic types with lifetimes like slice.Iter('a, T.Item) strip lifetime 'a.",173,182
tests/test_pattern_fixes.py,tests.test_pattern_fixes,TestPatternFixes.test_unsized_slice_type_mapping,(self),None,False,True,,Verify Rust unsized slice type [u8] lowers to Zig slice []u8.,184,192
tests/test_pattern_fixes.py,tests.test_pattern_fixes,TestPatternFixes.test_as_cast_expression_lowering,(self),None,False,True,,"Verify Rust type cast expr as u64 lowers to Zig @as(u64, expr).",194,203
tests/test_pattern_fixes.py,tests.test_pattern_fixes,TestPatternFixes.test_tuple_field_access_lowering,(self),None,False,True,,"Verify Rust tuple field access self.0 lowers to Zig self.@""0"".",205,214
tests/test_pattern_fixes.py,tests.test_pattern_fixes,TestPatternFixes.test_tuple_literal_lowering,(self),None,False,True,,"Verify Rust tuple literal (a, b, c) lowers to Zig anonymous struct .{ a, b, c }.",216,225
tests/test_pattern_fixes.py,tests.test_pattern_fixes,TestPatternFixes.test_fn_param_unsized_slice,(self),None,False,True,,Verify fn parameter with unsized slice type [u8] lowers to []u8.,227,235
tests/test_pattern_fixes.py,tests.test_pattern_fixes,TestPatternFixes.test_nested_generics_bracket_matching,(self),None,False,True,,"Verify deeply nested generic types like Box<[CachePadded<RwLock<HashMap<K, V>>>]> lower cleanly.",237,246
tests/test_pattern_fixes.py,tests.test_pattern_fixes,TestPatternFixes.test_fixed_size_array_type,(self),None,False,True,,Verify Rust fixed-size array type [u8; 16] lowers to Zig [16]u8 array type.,248,258
tests/test_pattern_fixes.py,tests.test_pattern_fixes,TestPatternFixes.test_fn_name_primitive_shadowing,(self),None,False,True,,"Verify function names that shadow Zig primitives/keywords are escaped with @"""".",260,268
tests/test_pattern_fixes.py,tests.test_pattern_fixes,TestPatternFixes.test_lifetime_in_pointer_type,(self),None,False,True,,"Verify lifetime parameters like 'a, 'static, '_ in types are stripped.",270,278
tests/test_pattern_fixes.py,tests.test_pattern_fixes,TestPatternFixes.test_tuple_return_type_lowering,(self),None,False,True,,"Verify Rust tuple return type (usize, usize) lowers to Zig struct { usize, usize }.",280,289
tests/test_pattern_fixes.py,tests.test_pattern_fixes,TestPatternFixes.test_keyword_call_escaping,(self),None,False,True,,"Verify calls to functions named after Zig keywords like test(...) are escaped with @"""".",291,300
tests/test_pattern_fixes.py,tests.test_pattern_fixes,TestPatternFixes.test_impl_trait_parameter_lowering,(self),None,False,True,,Verify Rust impl Trait parameter type impl Iterator lowers to Zig anytype.,302,311
tests/test_pattern_fixes.py,tests.test_pattern_fixes,TestPatternFixes.test_number_literal_type_suffix_stripping,(self),None,False,True,,"Verify Rust numeric type suffixes like _u64, u64, usize, i32 are stripped from literals.",313,328
tests/test_pattern_fixes.py,tests.test_pattern_fixes,TestPatternFixes.test_slice_reference_type_mapping,(self),None,False,True,,Verify Rust slice reference &[u8] lowers to Zig []const u8 instead of *const []u8.,330,338
tests/test_pattern_fixes.py,tests.test_pattern_fixes,TestPatternFixes.test_double_semicolon_prevention,(self),None,False,True,,Verify const/static declarations do not emit double trailing semicolons (;;).,340,346
tests/test_pattern_fixes.py,tests.test_pattern_fixes,TestPatternFixes.test_impl_trait_return_type_lowering,(self),None,False,True,,Verify fn create_button() -> impl Bundle lowers to fn create_button() anytype.,348,356
tests/test_pattern_fixes.py,tests.test_pattern_fixes,TestPatternFixes.test_if_let_tuple_payload_capture,(self),None,False,True,,"Verify if let Some((color, reset_timer)) lowers cleanly without broken payload syntax.",358,368
tests/test_pattern_fixes.py,tests.test_pattern_fixes,TestPatternFixes.test_logical_operator_lowering,(self),None,False,True,,Verify Rust logical operators && and || lower to Zig and / or operators.,370,381
tests/test_pattern_fixes.py,tests.test_pattern_fixes,TestPatternFixes.test_while_let_loop_lowering,(self),None,False,True,,Verify while let Some(x) = iter.next() lowers to Zig while (iter.next()) |x|.,383,393
tests/test_pattern_fixes.py,tests.test_pattern_fixes,TestPatternFixes.test_closure_unused_parameter_discarding,(self),None,False,True,,Verify unused closure parameters are auto-discarded with _ = param; in closure helper struct.,395,403
tests/test_pattern_fixes.py,tests.test_pattern_fixes,TestPatternFixes.test_ref_keyword_in_payload_capture,(self),None,False,True,,Verify ref and ref mut keywords in if let payload capture are stripped for valid Zig capture.,405,415
tests/test_pattern_fixes.py,tests.test_pattern_fixes,TestPatternFixes.test_function_type_mapping,(self),None,False,True,,Verify Rust function signature type fn(T) -> R lowers to Zig *const fn(T) R.,417,426
tests/test_pattern_fixes.py,tests.test_pattern_fixes,TestPatternFixes.test_raw_string_literal_lowering,(self),None,False,True,,"Verify Rust raw string literals r""[0-9]"" and r#""hello""# lower to Zig string literals ""[0-9]"".",428,440
tests/test_pattern_fixes.py,tests.test_pattern_fixes,TestPatternFixes.test_array_reference_lowering,(self),None,False,True,,"Verify Rust array reference &[""is_match"", ""find""] lowers to Zig &.{ ""is_match"", ""find"" }.",442,451
tests/test_pattern_fixes.py,tests.test_pattern_fixes,TestPatternFixes.test_raw_pointer_type_lowering,(self),None,False,True,,"Verify Rust raw pointer types (*mut T, *const 'a T, *mut [u8]) map cleanly to Zig pointer types (*T, *const T, []u8).",453,467
tests/test_pattern_fixes.py,tests.test_pattern_fixes,TestPatternFixes.test_unit_return_expression_lowering,(self),None,False,True,,Verify Rust return () lowers to clean Zig return without invalid tuple syntax.,468,477
tests/test_pattern_fixes.py,tests.test_pattern_fixes,TestPatternFixes.test_closure_pattern_parameter_lowering,(self),None,False,True,,"Verify closures with tuple pattern parameters |res, (x, y)| build clean struct wrappers in Zig.",479,487
tests/test_pattern_fixes.py,tests.test_pattern_fixes,TestPatternFixes.test_reserved_keyword_parameter_escaping,(self),None,False,True,,"Verify reserved Zig keywords (test, error) in parameter names are escaped with @""..."".",488,497
tests/test_pattern_fixes.py,tests.test_pattern_fixes,TestPatternFixes.test_unsafe_block_lowering,(self),None,False,True,,Verify Rust unsafe { ... } blocks unwrap cleanly into Zig blocks without raw unsafe keywords.,499,509
tests/test_pattern_fixes.py,tests.test_pattern_fixes,TestPatternFixes.test_byte_string_literal_lowering,(self),None,False,True,,"Verify Rust byte string literal b""hello"" lowers to Zig string literal ""hello"".",511,520
tests/test_pattern_fixes.py,tests.test_pattern_fixes,TestPatternFixes.test_multiline_string_literal_newline_escaping,(self),None,False,True,,Verify Rust multiline string literals with raw newlines escape newlines cleanly for Zig.,522,530
tests/test_pattern_fixes.py,tests.test_pattern_fixes,TestPatternFixes.test_reserved_keyword_module_import_escaping,(self),None,False,True,,"Verify module imports named after reserved Zig keywords (error.zig) are escaped as @""error"".",531,540
tests/test_pattern_fixes.py,tests.test_pattern_fixes,TestPatternFixes.test_compound_assignment_try_expression_lowering,(self),None,False,True,,Verify Rust pos += func()?; lowers to Zig pos += try func(); without trailing ? or parentheses around assignment.,542,552
tests/test_pattern_fixes.py,tests.test_pattern_fixes,TestPatternFixes.test_standalone_range_expression_lowering,(self),None,False,True,,"Verify Rust standalone range expression 0..cap() lowers to Zig struct .{ .start = 0, .end = cap() } while slice ranges buf[0..10] preserve indexing syntax.",554,565
tests/test_pattern_fixes.py,tests.test_pattern_fixes,TestPatternFixes.test_array_type_with_generics_lowering,(self),None,False,True,,Verify Rust fixed-size array types with generic parameters [MaybeUninit<u8>; 40] lower to Zig [40]MaybeUninit(u8).,567,576
tests/test_pattern_fixes.py,tests.test_pattern_fixes,TestPatternFixes.test_inner_block_const_decl_lowering,(self),None,False,True,,Verify const item inside function block BOM: &str = ... lowers to Zig const BOM: []const u8 = ... without double semicolon.,578,588
tests/test_pattern_fixes.py,tests.test_pattern_fixes,TestPatternFixes.test_struct_and_enum_field_keyword_escaping,(self),None,False,True,,"Verify struct fields and enum variants named after reserved keywords (error, test, const) are escaped as @""error"".",590,604
tests/test_pattern_fixes.py,tests.test_pattern_fixes,TestPatternFixes.test_nested_function_in_block_lowering,(self),None,False,True,,Verify nested function item inside a block lowers to clean Zig function definition without raw -> arrow syntax.,606,616
tests/test_pattern_fixes.py,tests.test_pattern_fixes,TestPatternFixes.test_fn_pointer_void_return_type_mapping,(self),None,False,True,,Verify Rust function pointer types without return type fn(Cursor) map to Zig *const fn(Cursor) void.,618,627
tests/test_pattern_fixes.py,tests.test_pattern_fixes,TestPatternFixes.test_impl_trait_return_type_lowering,(self),None,False,True,,Verify function returning impl Trait lowers return type to type instead of invalid anytype.,629,637
tests/test_pattern_fixes.py,tests.test_pattern_fixes,TestPatternFixes.test_parenthesized_generic_type_lowering,(self),None,False,True,,Verify parenthesized return types like (Rc<Cell<Unexpected>>) lower cleanly to Rc(Cell(Unexpected)) without leading parens on base type.,639,647
tests/test_pattern_fixes.py,tests.test_pattern_fixes,TestPatternFixes.test_shadow_import_name_collision_lowering,(self),None,False,True,,Verify module import 'parse' alongside function 'pub fn parse()' renames import to avoid duplicate struct member error.,649,658
tests/test_pattern_fixes_part2.py,tests.test_pattern_fixes_part2,TestPatternFixesPart2.setUp,(self),None,False,True,,Initialize parser and emitter.,13,16
tests/test_pattern_fixes_part2.py,tests.test_pattern_fixes_part2,TestPatternFixesPart2._transpile_code,"(self, code: str)",str,False,True,,Helper to transpile Rust snippet string into Zig.,18,23
tests/test_pattern_fixes_part2.py,tests.test_pattern_fixes_part2,TestPatternFixesPart2.test_token_bracket_macro_type_lowering,(self),None,False,True,,"Verify Token![|] or Token![,] macro type syntax lowers cleanly to Token without invalid brackets.",25,34
tests/test_pattern_fixes_part2.py,tests.test_pattern_fixes_part2,TestPatternFixesPart2.test_return_unit_expr_lowering,(self),None,False,True,,Verify return () in Rust functions lowers to return; in Zig without parens.,36,45
tests/test_pattern_fixes_part2.py,tests.test_pattern_fixes_part2,TestPatternFixesPart2.test_match_arm_unit_expr_lowering,(self),None,False,True,,Verify match arm returning () like .Ident(_) => () lowers to .Ident => {} in Zig.,47,59
tests/test_pattern_fixes_part2.py,tests.test_pattern_fixes_part2,TestPatternFixesPart2.test_unit_struct_decl_lowering,(self),None,False,True,,Verify unit struct declaration struct BreakRules; lowers to const BreakRules = struct {}; in Zig.,61,68
tests/test_pattern_fixes_part2.py,tests.test_pattern_fixes_part2,TestPatternFixesPart2.test_byte_char_literal_lowering,(self),None,False,True,,Verify byte character literal b'/' lowers to Zig character literal '/' without b prefix.,70,79
tests/test_pattern_fixes_part2.py,tests.test_pattern_fixes_part2,TestPatternFixesPart2.test_array_literal_initializer_lowering,(self),None,False,True,,"Verify array literal elements [X, Y] lower to Zig anonymous struct initializer .{ X, Y }.",81,90
tests/test_pattern_fixes_part2.py,tests.test_pattern_fixes_part2,TestPatternFixesPart2.test_tuple_field_index_access_lowering,(self),None,False,True,,"Verify tuple numeric index access it.1 lowers to Zig field access it.@""1"".",92,101
tests/test_pattern_fixes_part2.py,tests.test_pattern_fixes_part2,TestPatternFixesPart2.test_primitive_name_module_import_escaping,(self),None,False,True,,"Verify module import named after primitive type like mod usize; escapes module name as @""usize"".",103,112
tests/test_pattern_fixes_part2.py,tests.test_pattern_fixes_part2,TestPatternFixesPart2.test_trailing_dot_float_literal_lowering,(self),None,False,True,,Verify float literals ending with a dot like 0. or 1. lower to 0.0 or 1.0 in Zig.,114,127
tests/test_pattern_fixes_part2.py,tests.test_pattern_fixes_part2,TestPatternFixesPart2.test_multiple_discard_statement_lowering,(self),None,False,True,,"Verify multiple variable discards like _ = a, b; split into separate _ = a; _ = b; statements in Zig.",129,139
tests/test_pattern_fixes_part2.py,tests.test_pattern_fixes_part2,TestPatternFixesPart2.test_unit_expression_call_arg_lowering,(self),None,False,True,,Verify unit expression () passed as function argument lowers to {} in Zig.,141,150
tests/test_pattern_fixes_part2.py,tests.test_pattern_fixes_part2,TestPatternFixesPart2.test_return_struct_init_semicolon_lowering,(self),None,False,True,,Verify return statement returning struct initializer like return {} ends with semicolon in Zig.,152,160
tests/test_pattern_fixes_part2.py,tests.test_pattern_fixes_part2,TestPatternFixesPart2.test_struct_init_assignment_semicolon_lowering,(self),None,False,True,,"Verify struct initializer assignment like from = .{a, b} ends with semicolon in Zig.",162,170
tests/test_pattern_fixes_part2.py,tests.test_pattern_fixes_part2,TestPatternFixesPart2.test_closure_tuple_destructuring_param_lowering,(self),None,False,True,,"Verify closure parameter with tuple destructuring |res, (x, y)| cleans parameter name to valid identifier.",172,184
tests/test_pattern_fixes_part2.py,tests.test_pattern_fixes_part2,TestPatternFixesPart2.test_dyn_trait_type_lowering,(self),None,False,True,,Verify dyn Error and dyn Trait + Send types lower to anyerror/anyopaque in Zig.,186,195
tests/test_pattern_fixes_part2.py,tests.test_pattern_fixes_part2,TestPatternFixesPart2.test_phantom_data_struct_field_lowering,(self),None,False,True,,Verify PhantomData<T> struct fields lower to valid void fields without empty types.,197,206
tests/test_pattern_fixes_part2.py,tests.test_pattern_fixes_part2,TestPatternFixesPart2.test_function_local_use_statement_lowering,(self),None,False,True,,Verify use statements inside function bodies do not emit invalid use ...; in Zig.,208,218
tests/test_pattern_fixes_part2.py,tests.test_pattern_fixes_part2,TestPatternFixesPart2.test_self_return_type_lowering,(self),None,False,True,,Verify Self return type in struct methods lowers to struct name or @This().,220,233
tests/test_pattern_fixes_part2.py,tests.test_pattern_fixes_part2,TestPatternFixesPart2.test_raw_identifier_escaping,(self),None,False,True,,"Verify Rust raw identifiers like r#type or r#match escape cleanly as @""type"" or @""match"" in Zig.",235,247
tests/test_pattern_fixes_part2.py,tests.test_pattern_fixes_part2,TestPatternFixesPart2.test_block_local_struct_decl_lowering,(self),None,False,True,,Verify struct declarations inside function blocks lower to const Name = struct {}; in Zig.,249,259
tests/test_pattern_fixes_part2.py,tests.test_pattern_fixes_part2,TestPatternFixesPart2.test_match_arm_if_guard_lowering,(self),None,False,True,,Verify match arm with if guard like .Assign(s) if s.is_empty() => {} lowers to if (s.is_empty()) {} in Zig.,261,273
tests/test_pattern_fixes_part2.py,tests.test_pattern_fixes_part2,TestPatternFixesPart2.test_as_cast_expression_lowering,(self),None,False,True,,"Verify Rust as cast expressions like (n / 8) as usize lower to @as(usize, (n / 8)) in Zig.",275,285
tests/test_pattern_fixes_part2.py,tests.test_pattern_fixes_part2,TestPatternFixesPart2.test_pointer_as_cast_lowering,(self),None,False,True,,Verify pointer as casts like ptr as *mut u8 lower to @ptrCast(p) in Zig.,287,296
tests/test_pattern_fixes_part2.py,tests.test_pattern_fixes_part2,TestPatternFixesPart2.test_atomic_types_lowering,(self),None,False,True,,"Verify Rust atomic types AtomicUsize, AtomicBool, AtomicU32 lower to std.atomic.Value in Zig.",298,309
tests/test_pattern_fixes_part2.py,tests.test_pattern_fixes_part2,TestPatternFixesPart2.test_multiple_discard_closure_syntax,(self),None,False,True,,"Verify tuple discard _ = (x, y); format into separate valid Zig statements.",311,321
tests/test_pattern_fixes_part2.py,tests.test_pattern_fixes_part2,TestPatternFixesPart2.test_closure_param_type_cleaning,(self),None,False,True,,"Verify closure parameter types like |res: Option<T>, (x, y)| clean parameter names without colon types.",323,335
tests/test_pattern_fixes_part2.py,tests.test_pattern_fixes_part2,TestPatternFixesPart2.test_duplicate_field_and_method_name_collision,(self),None,False,True,,Verify struct with method having exact same name as a field renames method to get_<name> in Zig.,337,352
tests/test_pattern_fixes_part2.py,tests.test_pattern_fixes_part2,TestPatternFixesPart2.test_tuple_type_field_name_lowering,(self),None,False,True,,"Verify Rust tuple types (A, B) lower to valid Zig struct { @""0"": A, @""1"": B }.",354,363
tests/test_pattern_fixes_part2.py,tests.test_pattern_fixes_part2,TestPatternFixesPart2.test_struct_init_field_shorthand_lowering,(self),None,False,True,,"Verify Rust struct init field shorthand Point { x, y } preserves fields in Zig . { .x = x, .y = y }.",365,375
tests/test_pattern_fixes_part2.py,tests.test_pattern_fixes_part2,TestPatternFixesPart2.test_bitwise_not_operator_lowering,(self),None,False,True,,Verify Rust bitwise NOT on masks/flags !(a & b) lowers to ~ in Zig.,377,386
tests/test_pattern_fixes_part2.py,tests.test_pattern_fixes_part2,TestPatternFixesPart2.test_raw_field_name_struct_initializer,(self),None,False,True,,"Verify struct initializer with r#type field name lowers to .@""type"" in Zig.",388,399
tests/test_pattern_fixes_part2.py,tests.test_pattern_fixes_part2,TestPatternFixesPart2.test_raw_byte_string_literal_lowering,(self),None,False,True,,"Verify Rust raw byte string literal br""hello"" lowers to Zig string literal ""hello"".",401,411
tests/test_pattern_fixes_part2.py,tests.test_pattern_fixes_part2,TestPatternFixesPart2.test_struct_pattern_destructuring_let,(self),None,False,True,,"Verify let Rect { min, max } = bounds; lowers to destructured variable assignments in Zig.",413,424
tests/test_pattern_fixes_part2.py,tests.test_pattern_fixes_part2,TestPatternFixesPart2.test_arc_type_lowering,(self),None,False,True,,Verify Arc<T> and bare Arc lower to *T and *anyopaque in Zig.,426,435
tests/test_pattern_fixes_part2.py,tests.test_pattern_fixes_part2,TestPatternFixesPart2.test_result_type_lowering,(self),None,False,True,,"Verify Result<FontVec, InvalidFont> lowers to InvalidFont!FontVec in Zig.",437,446
tests/test_pattern_fixes_part2.py,tests.test_pattern_fixes_part2,TestPatternFixesPart2.test_generic_struct_lowering,(self),None,False,True,,Verify generic struct Scale<F> lowers to fn Scale(comptime F: type) type return struct in Zig.,448,459
tests/test_pattern_fixes_part2.py,tests.test_pattern_fixes_part2,TestPatternFixesPart2.test_tuple_field_index_access_lowering,(self),None,False,True,,"Verify tuple field access self.0 or tuple.1 lowers to self.@""0"" and tuple.@""1"" in Zig.",461,472
tests/test_pattern_fixes_part2.py,tests.test_pattern_fixes_part2,TestPatternFixesPart2.test_fn_param_shadowing_let_stmt_lowering,(self),None,False,True,,Verify let p0 = p0.into() in a function with parameter p0 renames let binding to avoid Zig parameter shadowing error.,474,483
tests/test_pattern_fixes_part2.py,tests.test_pattern_fixes_part2,TestPatternFixesPart2.test_match_arm_struct_wildcard_lowering,(self),None,False,True,,Verify enum pattern match arm .Inactive { .. } lowers to .Inactive in Zig switch.,485,496
tests/test_pattern_fixes_part2.py,tests.test_pattern_fixes_part2,TestPatternFixesPart2.test_self_constructor_expression_lowering,(self),None,False,True,,Verify Self(font) or Self { .. } expression lowers Self to @This() in Zig struct method.,498,510
tests/test_pattern_fixes_part2.py,tests.test_pattern_fixes_part2,TestPatternFixesPart2.test_pointer_anytype_lowering,(self),None,False,True,,Verify *const anytype or &anytype maps to anytype in Zig.,512,520
tests/test_pattern_fixes_part2.py,tests.test_pattern_fixes_part2,TestPatternFixesPart2.test_generic_struct_discard_comptime_param,(self),None,False,True,,Verify generic struct fn Wrapper(comptime H: type) type discards H inside function body to avoid unused param error.,522,530
tests/test_pattern_fixes_part2.py,tests.test_pattern_fixes_part2,TestPatternFixesPart2.test_match_arm_tuple_wildcard_lowering,(self),None,False,True,,Verify Event::UserEvent(..) match arm pattern lowers to .UserEvent in Zig.,532,543
tests/test_pattern_fixes_part2.py,tests.test_pattern_fixes_part2,TestPatternFixesPart2.test_let_stmt_shadow_discard,(self),None,False,True,,Verify let p0 = p0.into() emits _ = p0_var; to prevent unused variable error.,545,554
tests/test_pattern_fixes_part2.py,tests.test_pattern_fixes_part2,TestPatternFixesPart2.test_multiline_tuple_return_type,(self),None,False,True,,"Verify multi-line tuple return type (A,",556,568
tests/test_pattern_fixes_part2.py,tests.test_pattern_fixes_part2,TestPatternFixesPart2.test_reserved_keyword_field_access_escaping,(self),None,False,True,,"Verify env.var() field method call lowers to env.@""var""() in Zig.",570,579
tests/test_pattern_fixes_part2.py,tests.test_pattern_fixes_part2,TestPatternFixesPart2.test_duplicate_struct_method_name_deduplication,(self),None,False,True,,Verify duplicate method names across impl blocks for a struct are deduplicated in Zig struct declaration.,581,593
tests/test_pattern_fixes_part2.py,tests.test_pattern_fixes_part2,TestPatternFixesPart2.test_zero_param_closure_expression_lowering,(self),None,False,True,,Verify zero parameter closure || expr lowers cleanly without invalid || in Zig.,595,604
tests/test_pattern_fixes_part2.py,tests.test_pattern_fixes_part2,TestPatternFixesPart2.test_generic_default_param_name_stripping,(self),None,False,True,,Verify generic type parameter with default S = RandomState extracts parameter name S as comptime S: type.,606,616
tests/test_pattern_fixes_part2.py,tests.test_pattern_fixes_part2,TestPatternFixesPart2.test_tuple_type_with_generics_lowering,(self),None,False,True,,"Verify tuple type containing generics like (Vec<usize>, Position) lowers cleanly without truncation.",618,627
tests/test_pattern_fixes_part2.py,tests.test_pattern_fixes_part2,TestPatternFixesPart2.test_wildcard_type_parameter_lowering,(self),None,False,True,,"Verify wildcard _ type parameter in generic type HashMap<NodeId, _> lowers to anytype in Zig.",629,638
tests/test_pattern_fixes_part2.py,tests.test_pattern_fixes_part2,TestPatternFixesPart2.test_param_array_pattern_destructuring,(self),None,False,True,,"Verify parameter pattern [x, y] in fn from([x, y]: [f32; 2]) is lowered to clean parameter p0 in Zig signature.",640,649
tests/test_pattern_fixes_part2.py,tests.test_pattern_fixes_part2,TestPatternFixesPart2.test_numeric_tuple_field_indexing_in_index_expr,(self),None,False,True,,"Verify self.0[id] numeric tuple index expression is lowered to self.@""0""[id] in Zig.",651,660
tests/test_pattern_fixes_part2.py,tests.test_pattern_fixes_part2,TestPatternFixesPart2.test_missing_import_file_fallback,(self),None,False,True,,Verify import of non-existent module non_existent_mod falls back to const non_existent_mod = *anyopaque; instead of crashing ast-check.,662,673
tests/test_pattern_fixes_part2.py,tests.test_pattern_fixes_part2,TestPatternFixesPart2.test_standalone_undeclared_type_fallback,(self),None,False,True,,Verify standalone undeclared type CustomType in signature gets fallback pub const CustomType = type; declaration.,675,682
tests/test_pattern_fixes_part2.py,tests.test_pattern_fixes_part2,TestPatternFixesPart2.test_self_type_fallback_lowering,(self),None,False,True,,Verify Self type used in signature generates idiomatic @This() in Zig.,683,691
tests/test_pattern_fixes_part2.py,tests.test_pattern_fixes_part2,TestPatternFixesPart2.test_rust_std_core_libc_c_void_fallbacks,(self),None,False,True,,"Verify core, libc, and c_void standard Rust primitives generate clean Zig fallbacks.",693,704
tests/test_pattern_fixes_part2.py,tests.test_pattern_fixes_part2,TestPatternFixesPart2.test_array_and_error_generic_undeclared_types,(self),None,False,True,,"Verify undeclared types in array sizes [2]FloatVal, Result types, and container std.ArrayList(OutlineCurve) generate type fallbacks.",706,717
tests/test_pattern_fixes_part2.py,tests.test_pattern_fixes_part2,TestPatternFixesPart2.test_undeclared_module_prefix_fallback,(self),None,False,True,,Verify undeclared module prefix ttfp in ttfp.Face generates pub const ttfp = *anyopaque; header fallback.,719,727
