file_path,module,imported_module,imported_symbol,alias,line_number
script/extract_data/find_classes.py,script.extract_data.find_classes,os,,,7
script/extract_data/find_classes.py,script.extract_data.find_classes,csv,,,8
script/extract_data/find_classes.py,script.extract_data.find_classes,ast,,,9
script/extract_data/find_consts.py,script.extract_data.find_consts,os,,,7
script/extract_data/find_consts.py,script.extract_data.find_consts,csv,,,8
script/extract_data/find_consts.py,script.extract_data.find_consts,ast,,,9
script/extract_data/find_dependencies.py,script.extract_data.find_dependencies,os,,,7
script/extract_data/find_dependencies.py,script.extract_data.find_dependencies,csv,,,8
script/extract_data/find_dependencies.py,script.extract_data.find_dependencies,re,,,9
script/extract_data/find_files.py,script.extract_data.find_files,os,,,7
script/extract_data/find_files.py,script.extract_data.find_files,csv,,,8
script/extract_data/find_fix_roadmap.py,script.extract_data.find_fix_roadmap,os,,,7
script/extract_data/find_fix_roadmap.py,script.extract_data.find_fix_roadmap,csv,,,8
script/extract_data/find_fix_roadmap.py,script.extract_data.find_fix_roadmap,re,,,9
script/extract_data/find_functions.py,script.extract_data.find_functions,os,,,7
script/extract_data/find_functions.py,script.extract_data.find_functions,csv,,,8
script/extract_data/find_functions.py,script.extract_data.find_functions,ast,,,9
script/extract_data/find_imports.py,script.extract_data.find_imports,os,,,7
script/extract_data/find_imports.py,script.extract_data.find_imports,csv,,,8
script/extract_data/find_imports.py,script.extract_data.find_imports,ast,,,9
script/rs2zig_query.py,script.rs2zig_query,sys,,,8
script/rs2zig_query.py,script.rs2zig_query,os,,,9
script/rs2zig_query.py,script.rs2zig_query,csv,,,10
script/rs2zig_query.py,script.rs2zig_query,re,,,11
script/rs2zig_query.py,script.rs2zig_query,argparse,,,12
script/rs2zig_query.py,script.rs2zig_query,subprocess,,,13
src/main.py,src.main,sys,,,7
src/main.py,src.main,logging,,,8
src/main.py,src.main,rs2zig.cli,main,cli_main,9
src/rs2zig/backend/build_zig_gen.py,src.rs2zig.backend.build_zig_gen,logging,,,7
src/rs2zig/backend/zig_emitter.py,src.rs2zig.backend.zig_emitter,logging,,,7
src/rs2zig/backend/zig_emitter.py,src.rs2zig.backend.zig_emitter,typing,List,,8
src/rs2zig/backend/zig_emitter.py,src.rs2zig.backend.zig_emitter,typing,Optional,,8
src/rs2zig/backend/zig_emitter.py,src.rs2zig.backend.zig_emitter,rs2zig.ir.nodes,SourceFile,,9
src/rs2zig/backend/zig_emitter.py,src.rs2zig.backend.zig_emitter,rs2zig.ir.nodes,StructDecl,,9
src/rs2zig/backend/zig_emitter.py,src.rs2zig.backend.zig_emitter,rs2zig.ir.nodes,ImplBlock,,9
src/rs2zig/backend/zig_emitter.py,src.rs2zig.backend.zig_emitter,rs2zig.ir.nodes,FnDecl,,9
src/rs2zig/backend/zig_emitter.py,src.rs2zig.backend.zig_emitter,rs2zig.ir.nodes,Param,,9
src/rs2zig/backend/zig_emitter.py,src.rs2zig.backend.zig_emitter,rs2zig.ir.nodes,BlockExpr,,9
src/rs2zig/backend/zig_emitter.py,src.rs2zig.backend.zig_emitter,rs2zig.ir.nodes,Stmt,,9
src/rs2zig/backend/zig_emitter.py,src.rs2zig.backend.zig_emitter,rs2zig.ir.nodes,LetStmt,,9
src/rs2zig/backend/zig_emitter.py,src.rs2zig.backend.zig_emitter,rs2zig.ir.nodes,AssignStmt,,9
src/rs2zig/backend/zig_emitter.py,src.rs2zig.backend.zig_emitter,rs2zig.ir.nodes,ExprStmt,,9
src/rs2zig/backend/zig_emitter.py,src.rs2zig.backend.zig_emitter,rs2zig.ir.nodes,Expr,,9
src/rs2zig/backend/zig_emitter.py,src.rs2zig.backend.zig_emitter,rs2zig.ir.nodes,LiteralExpr,,9
src/rs2zig/backend/zig_emitter.py,src.rs2zig.backend.zig_emitter,rs2zig.ir.nodes,IdentifierExpr,,9
src/rs2zig/backend/zig_emitter.py,src.rs2zig.backend.zig_emitter,rs2zig.ir.nodes,BinaryExpr,,9
src/rs2zig/backend/zig_emitter.py,src.rs2zig.backend.zig_emitter,rs2zig.ir.nodes,UnaryExpr,,9
src/rs2zig/backend/zig_emitter.py,src.rs2zig.backend.zig_emitter,rs2zig.ir.nodes,CallExpr,,9
src/rs2zig/backend/zig_emitter.py,src.rs2zig.backend.zig_emitter,rs2zig.ir.nodes,FieldAccessExpr,,9
src/rs2zig/backend/zig_emitter.py,src.rs2zig.backend.zig_emitter,rs2zig.ir.nodes,StructInitExpr,,9
src/rs2zig/backend/zig_emitter.py,src.rs2zig.backend.zig_emitter,rs2zig.ir.nodes,MacroCallExpr,,9
src/rs2zig/backend/zig_emitter.py,src.rs2zig.backend.zig_emitter,rs2zig.ir.nodes,ReturnExpr,,9
src/rs2zig/backend/zig_emitter.py,src.rs2zig.backend.zig_emitter,rs2zig.ir.nodes,IfExpr,,9
src/rs2zig/backend/zig_emitter.py,src.rs2zig.backend.zig_emitter,rs2zig.ir.nodes,LoopExpr,,9
src/rs2zig/backend/zig_emitter.py,src.rs2zig.backend.zig_emitter,rs2zig.lowering.stdlib_map,map_type,,33
src/rs2zig/backend/zig_emitter.py,src.rs2zig.backend.zig_emitter,rs2zig.lowering.control_flow,lower_println_macro,,34
src/rs2zig/cli.py,src.rs2zig.cli,sys,,,7
src/rs2zig/cli.py,src.rs2zig.cli,os,,,8
src/rs2zig/cli.py,src.rs2zig.cli,argparse,,,9
src/rs2zig/cli.py,src.rs2zig.cli,logging,,,10
src/rs2zig/cli.py,src.rs2zig.cli,typing,Optional,,11
src/rs2zig/cli.py,src.rs2zig.cli,rs2zig,__version__,,13
src/rs2zig/cli.py,src.rs2zig.cli,rs2zig.frontend.ts_parser,RustParser,,14
src/rs2zig/cli.py,src.rs2zig.cli,rs2zig.frontend.ast_builder,ASTBuilder,,15
src/rs2zig/cli.py,src.rs2zig.cli,rs2zig.frontend.macro_expand,expand_macros,,16
src/rs2zig/cli.py,src.rs2zig.cli,rs2zig.backend.zig_emitter,ZigEmitter,,17
src/rs2zig/cli.py,src.rs2zig.cli,rs2zig.validate.zig_fmt_check,ZigValidator,,18
src/rs2zig/frontend/ast_builder.py,src.rs2zig.frontend.ast_builder,logging,,,7
src/rs2zig/frontend/ast_builder.py,src.rs2zig.frontend.ast_builder,typing,List,,8
src/rs2zig/frontend/ast_builder.py,src.rs2zig.frontend.ast_builder,typing,Optional,,8
src/rs2zig/frontend/ast_builder.py,src.rs2zig.frontend.ast_builder,typing,Union,,8
src/rs2zig/frontend/ast_builder.py,src.rs2zig.frontend.ast_builder,tree_sitter,,,9
src/rs2zig/frontend/ast_builder.py,src.rs2zig.frontend.ast_builder,rs2zig.ir.nodes,SourceFile,,11
src/rs2zig/frontend/ast_builder.py,src.rs2zig.frontend.ast_builder,rs2zig.ir.nodes,FnDecl,,11
src/rs2zig/frontend/ast_builder.py,src.rs2zig.frontend.ast_builder,rs2zig.ir.nodes,Param,,11
src/rs2zig/frontend/ast_builder.py,src.rs2zig.frontend.ast_builder,rs2zig.ir.nodes,TypeNode,,11
src/rs2zig/frontend/ast_builder.py,src.rs2zig.frontend.ast_builder,rs2zig.ir.nodes,BlockExpr,,11
src/rs2zig/frontend/ast_builder.py,src.rs2zig.frontend.ast_builder,rs2zig.ir.nodes,Stmt,,11
src/rs2zig/frontend/ast_builder.py,src.rs2zig.frontend.ast_builder,rs2zig.ir.nodes,Expr,,11
src/rs2zig/frontend/ast_builder.py,src.rs2zig.frontend.ast_builder,rs2zig.ir.nodes,LetStmt,,11
src/rs2zig/frontend/ast_builder.py,src.rs2zig.frontend.ast_builder,rs2zig.ir.nodes,AssignStmt,,11
src/rs2zig/frontend/ast_builder.py,src.rs2zig.frontend.ast_builder,rs2zig.ir.nodes,ExprStmt,,11
src/rs2zig/frontend/ast_builder.py,src.rs2zig.frontend.ast_builder,rs2zig.ir.nodes,LiteralExpr,,11
src/rs2zig/frontend/ast_builder.py,src.rs2zig.frontend.ast_builder,rs2zig.ir.nodes,IdentifierExpr,,11
src/rs2zig/frontend/ast_builder.py,src.rs2zig.frontend.ast_builder,rs2zig.ir.nodes,BinaryExpr,,11
src/rs2zig/frontend/ast_builder.py,src.rs2zig.frontend.ast_builder,rs2zig.ir.nodes,UnaryExpr,,11
src/rs2zig/frontend/ast_builder.py,src.rs2zig.frontend.ast_builder,rs2zig.ir.nodes,CallExpr,,11
src/rs2zig/frontend/ast_builder.py,src.rs2zig.frontend.ast_builder,rs2zig.ir.nodes,FieldAccessExpr,,11
src/rs2zig/frontend/ast_builder.py,src.rs2zig.frontend.ast_builder,rs2zig.ir.nodes,StructInitExpr,,11
src/rs2zig/frontend/ast_builder.py,src.rs2zig.frontend.ast_builder,rs2zig.ir.nodes,StructFieldInit,,11
src/rs2zig/frontend/ast_builder.py,src.rs2zig.frontend.ast_builder,rs2zig.ir.nodes,MacroCallExpr,,11
src/rs2zig/frontend/ast_builder.py,src.rs2zig.frontend.ast_builder,rs2zig.ir.nodes,ReturnExpr,,11
src/rs2zig/frontend/ast_builder.py,src.rs2zig.frontend.ast_builder,rs2zig.ir.nodes,IfExpr,,11
src/rs2zig/frontend/ast_builder.py,src.rs2zig.frontend.ast_builder,rs2zig.ir.nodes,LoopExpr,,11
src/rs2zig/frontend/ast_builder.py,src.rs2zig.frontend.ast_builder,rs2zig.ir.nodes,StructDecl,,11
src/rs2zig/frontend/ast_builder.py,src.rs2zig.frontend.ast_builder,rs2zig.ir.nodes,FieldDecl,,11
src/rs2zig/frontend/ast_builder.py,src.rs2zig.frontend.ast_builder,rs2zig.ir.nodes,ImplBlock,,11
src/rs2zig/frontend/macro_expand.py,src.rs2zig.frontend.macro_expand,logging,,,7
src/rs2zig/frontend/macro_expand.py,src.rs2zig.frontend.macro_expand,subprocess,,,8
src/rs2zig/frontend/macro_expand.py,src.rs2zig.frontend.macro_expand,shutil,,,9
src/rs2zig/frontend/macro_expand.py,src.rs2zig.frontend.macro_expand,typing,Optional,,10
src/rs2zig/frontend/ts_parser.py,src.rs2zig.frontend.ts_parser,logging,,,7
src/rs2zig/frontend/ts_parser.py,src.rs2zig.frontend.ts_parser,typing,Optional,,8
src/rs2zig/frontend/ts_parser.py,src.rs2zig.frontend.ts_parser,tree_sitter,,,9
src/rs2zig/frontend/ts_parser.py,src.rs2zig.frontend.ts_parser,tree_sitter_rust,,,10
src/rs2zig/ir/nodes.py,src.rs2zig.ir.nodes,typing,List,,7
src/rs2zig/ir/nodes.py,src.rs2zig.ir.nodes,typing,Optional,,7
src/rs2zig/ir/nodes.py,src.rs2zig.ir.nodes,typing,Union,,7
src/rs2zig/ir/nodes.py,src.rs2zig.ir.nodes,typing,Any,,7
src/rs2zig/ir/nodes.py,src.rs2zig.ir.nodes,dataclasses,dataclass,,8
src/rs2zig/ir/nodes.py,src.rs2zig.ir.nodes,dataclasses,field,,8
src/rs2zig/lowering/control_flow.py,src.rs2zig.lowering.control_flow,re,,,7
src/rs2zig/lowering/control_flow.py,src.rs2zig.lowering.control_flow,typing,Tuple,,8
src/rs2zig/lowering/control_flow.py,src.rs2zig.lowering.control_flow,typing,List,,8
src/rs2zig/lowering/control_flow.py,src.rs2zig.lowering.control_flow,rs2zig.ir.nodes,MacroCallExpr,,9
src/rs2zig/lowering/control_flow.py,src.rs2zig.lowering.control_flow,rs2zig.ir.nodes,Expr,,9
src/rs2zig/lowering/control_flow.py,src.rs2zig.lowering.control_flow,rs2zig.ir.nodes,LiteralExpr,,9
src/rs2zig/lowering/stdlib_map.py,src.rs2zig.lowering.stdlib_map,typing,Dict,,7
src/rs2zig/lowering/stdlib_map.py,src.rs2zig.lowering.stdlib_map,typing,Optional,,7
src/rs2zig/lowering/stdlib_map.py,src.rs2zig.lowering.stdlib_map,rs2zig.ir.nodes,TypeNode,,8
src/rs2zig/validate/zig_fmt_check.py,src.rs2zig.validate.zig_fmt_check,logging,,,7
src/rs2zig/validate/zig_fmt_check.py,src.rs2zig.validate.zig_fmt_check,subprocess,,,8
src/rs2zig/validate/zig_fmt_check.py,src.rs2zig.validate.zig_fmt_check,shutil,,,9
src/rs2zig/validate/zig_fmt_check.py,src.rs2zig.validate.zig_fmt_check,tempfile,,,10
src/rs2zig/validate/zig_fmt_check.py,src.rs2zig.validate.zig_fmt_check,os,,,11
src/rs2zig/validate/zig_fmt_check.py,src.rs2zig.validate.zig_fmt_check,typing,Tuple,,12
src/rs2zig/validate/zig_fmt_check.py,src.rs2zig.validate.zig_fmt_check,typing,Optional,,12
tests/test_golden.py,tests.test_golden,os,,,7
tests/test_golden.py,tests.test_golden,unittest,,,8
tests/test_golden.py,tests.test_golden,rs2zig.cli,run_transpile,,9
tests/test_golden.py,tests.test_golden,rs2zig.validate.zig_fmt_check,ZigValidator,,10
